{"cameraMode":{"drawMode":0,"name":"Shaded","section":"Shading Mode"},"sceneLighting":true,"audioPlay":false,"sceneViewState":{"showFog":true,"showMaterialUpdate":false,"showSkybox":true,"showFlares":true,"showImageEffects":true,"showParticleSystems":true},"in2DMode":false,"pivot":{"x":-9.561737060546875,"y":-2.015625,"z":0.80859375},"rotation":{"x":0.0034938580356538297,"y":0.9023697972297669,"z":-0.430896133184433,"w":0.007319334428757429},"size":18.017019271850587,"orthographic":true}