{"cameraMode":{"drawMode":0,"name":"Shaded","section":"Shading Mode"},"sceneLighting":true,"audioPlay":false,"sceneViewState":{"showFog":true,"showMaterialUpdate":false,"showSkybox":true,"showFlares":true,"showImageEffects":true,"showParticleSystems":true},"in2DMode":false,"pivot":{"x":-10.359066009521485,"y":-4.348351955413818,"z":4.703218460083008},"rotation":{"x":0.01392343733459711,"y":0.9442110657691956,"z":-0.3265833854675293,"w":0.040258076041936877},"size":16.961063385009767,"orthographic":true}