{"cameraMode":{"drawMode":0,"name":"Shaded","section":"Shading Mode"},"sceneLighting":false,"audioPlay":false,"sceneViewState":{"showFog":true,"showMaterialUpdate":false,"showSkybox":false,"showFlares":true,"showImageEffects":true,"showParticleSystems":true},"in2DMode":false,"pivot":{"x":-8.119999885559082,"y":-1.8499999046325684,"z":-2.200000047683716},"rotation":{"x":0.01392343733459711,"y":0.9442110657691956,"z":-0.3265833854675293,"w":0.040258076041936877},"size":1.541103482246399,"orthographic":true}